{"name":"f779075e-c843-495f-8195-5ae862f4ebde","id":"/providers/Microsoft.Flow/flows/f779075e-c843-495f-8195-5ae862f4ebde","type":"Microsoft.Flow/flows","properties":{"apiId":"/providers/Microsoft.PowerApps/apis/shared_logicflows","displayName":"ESaraban - Set folder permission","definition":{"metadata":{"workflowEntityId":null,"processAdvisorMetadata":null,"flowclientsuspensionreason":"None","flowclientsuspensiontime":null,"flowclientsuspensionreasondetails":null,"creator":{"id":"e03f9976-02b6-4223-b639-2aa11c907802","type":"User","tenantId":"c93bfd9a-cf27-4d4e-a953-6ef0c1782f20"},"provisioningMethod":"FromDefinition","failureAlertSubscription":true,"clientLastModifiedTime":"2023-01-30T05:58:31.798721Z"},"$schema":"https://schema.management.azure.com/providers/Microsoft.Logic/schemas/2016-06-01/workflowdefinition.json#","contentVersion":"1.0.0.0","parameters":{"$connections":{"defaultValue":{},"type":"Object"},"$authentication":{"defaultValue":{},"type":"SecureObject"}},"triggers":{"When_a_file_is_created_(properties_only)":{"recurrence":{"frequency":"Minute","interval":5},"splitOn":"@triggerOutputs()?['body/value']","metadata":{"operationMetadataId":"f2c67733-b2f2-4f6b-9c45-5859239bd6ba"},"type":"OpenApiConnection","inputs":{"host":{"apiId":"/providers/Microsoft.PowerApps/apis/shared_sharepointonline","connectionName":"shared_sharepointonline_1","operationId":"GetOnNewFileItems"},"parameters":{"dataset":"https://thaimediafund.sharepoint.com/sites/esaraban","table":"903546b8-402e-4b62-986e-3bbbeceb72b7"},"authentication":"@parameters('$authentication')"}}},"actions":{"Var_EmailList":{"runAfter":{"Var_CurrentEmail":["Succeeded"]},"metadata":{"operationMetadataId":"a61a0228-7472-4513-a7be-7af190ad378c"},"type":"InitializeVariable","inputs":{"variables":[{"name":"EmailList","type":"string"}]}},"If_IsFolder":{"actions":{"Get_RequestList":{"runAfter":{},"metadata":{"operationMetadataId":"bb7283c2-81d3-43f3-a3bf-aeb8c73f780a"},"type":"OpenApiConnection","inputs":{"host":{"apiId":"/providers/Microsoft.PowerApps/apis/shared_sharepointonline","connectionName":"shared_sharepointonline_1","operationId":"GetItems"},"parameters":{"dataset":"@variables('rootSiteUrl')","table":"@variables('RequestList')","$filter":"Title eq '@{triggerOutputs()?['body/{Name}']}'","$top":1},"authentication":"@parameters('$authentication')"}},"Request_exist":{"actions":{"Apply_to_each":{"foreach":"@outputs('Get_RequestList')?['body/value']","actions":{"Append_EmailList":{"runAfter":{},"metadata":{"operationMetadataId":"26b3a98b-be11-47f1-87a5-e116b484b587"},"type":"AppendToStringVariable","inputs":{"name":"EmailList","value":"@{items('Apply_to_each')?['Requestor/Email']};@{items('Apply_to_each')?['LastApprover/Email']};@{items('Apply_to_each')?['CurrentApprover/Email']};@{items('Apply_to_each')?['NextApprover/Email']};@{items('Apply_to_each')?['LineApproval']}"}},"Set_CurrentEmail":{"runAfter":{"Append_EmailList":["Succeeded"]},"metadata":{"operationMetadataId":"68062699-bbaf-4cd3-b155-c505a2b27820"},"type":"SetVariable","inputs":{"name":"CurrentEmail","value":"@{items('Apply_to_each')?['Requestor/Email']};"}}},"runAfter":{},"metadata":{"operationMetadataId":"9897b855-140a-4c6d-84b4-b21bf6e3d181"},"type":"Foreach"},"Send_an_HTTP_request_to_SharePoint_-_set_full_control_permisssion_for_ower_group":{"runAfter":{"Send_an_HTTP_request_to_SharePoint_-_break_permission":["Succeeded"]},"metadata":{"operationMetadataId":"c8509497-be6b-4853-a672-7045b016d4a8"},"type":"OpenApiConnection","inputs":{"host":{"apiId":"/providers/Microsoft.PowerApps/apis/shared_sharepointonline","connectionName":"shared_sharepointonline_1","operationId":"HttpRequest"},"parameters":{"dataset":"@variables('rootSiteUrl')","parameters/method":"POST","parameters/uri":"_api/web/lists/getbytitle('@{variables('RequestDocument')}')/items(@{triggerOutputs()?['body/ID']})/roleassignments/addroleassignment(principalid='3', roleDefId=1073741829)"},"authentication":"@parameters('$authentication')"}},"Send_an_HTTP_request_to_SharePoint_-_break_permission":{"runAfter":{"Apply_to_each_2":["Succeeded"]},"metadata":{"operationMetadataId":"c72c7b87-f5fa-48bd-952c-205b94a39d4a"},"type":"OpenApiConnection","inputs":{"host":{"apiId":"/providers/Microsoft.PowerApps/apis/shared_sharepointonline","connectionName":"shared_sharepointonline_1","operationId":"HttpRequest"},"parameters":{"dataset":"@variables('rootSiteUrl')","parameters/method":"POST","parameters/uri":"_api/lists/getByTitle('@{variables('RequestDocument')}')/items(@{triggerOutputs()?['body/ID']})/breakroleinheritance(copyRoleAssignments=false,clearSubscopes=true)"},"authentication":"@parameters('$authentication')"}},"Grant_access_to_Contribute_for_Requestor":{"runAfter":{"Grant_access_to_Read_for_Line_Approver":["Succeeded"]},"metadata":{"operationMetadataId":"81771bbd-8572-4134-8764-a5f6e8abe645"},"type":"OpenApiConnection","inputs":{"host":{"apiId":"/providers/Microsoft.PowerApps/apis/shared_sharepointonline","connectionName":"shared_sharepointonline_1","operationId":"GrantAccess"},"parameters":{"dataset":"@variables('rootSiteUrl')","table":"@variables('RequestDocument')","id":"@triggerOutputs()?['body/ID']","parameter/recipients":"@variables('CurrentEmail')","parameter/roleValue":"role:1073741827"},"authentication":"@parameters('$authentication')"}},"Get_WorkflowHistory":{"runAfter":{"Apply_to_each":["Succeeded"]},"metadata":{"operationMetadataId":"bb7283c2-81d3-43f3-a3bf-aeb8c73f780a"},"type":"OpenApiConnection","inputs":{"host":{"apiId":"/providers/Microsoft.PowerApps/apis/shared_sharepointonline","connectionName":"shared_sharepointonline_1","operationId":"GetItems"},"parameters":{"dataset":"@variables('rootSiteUrl')","table":"@variables('WorkflowHistoryList')","$filter":"Title eq '@{triggerOutputs()?['body/{Name}']}'"},"authentication":"@parameters('$authentication')"}},"Apply_to_each_2":{"foreach":"@outputs('Get_WorkflowHistory')?['body/value']","actions":{"Append_EmailList_2":{"runAfter":{},"metadata":{"operationMetadataId":"c43f6140-f8cc-4fa2-bb91-f07b09fd49b8"},"type":"AppendToStringVariable","inputs":{"name":"EmailList","value":"@{items('Apply_to_each_2')?['AssignUser/Email']};"}}},"runAfter":{"Get_WorkflowHistory":["Succeeded"]},"metadata":{"operationMetadataId":"7986f3c2-23d0-49ce-96c9-3d0504c0963c"},"type":"Foreach"},"Send_an_HTTP_request_to_SharePoint_-_set_full_control_permisssion_for_admin_grp":{"runAfter":{"Send_an_HTTP_request_to_SharePoint_-_set_full_control_permisssion_for_ower_group":["Succeeded"]},"metadata":{"operationMetadataId":"c8509497-be6b-4853-a672-7045b016d4a8"},"type":"OpenApiConnection","inputs":{"host":{"apiId":"/providers/Microsoft.PowerApps/apis/shared_sharepointonline","connectionName":"shared_sharepointonline_1","operationId":"HttpRequest"},"parameters":{"dataset":"@variables('rootSiteUrl')","parameters/method":"POST","parameters/uri":"_api/web/lists/getbytitle('@{variables('RequestDocument')}')/items(@{triggerOutputs()?['body/ID']})/roleassignments/addroleassignment(principalid='11', roleDefId=1073741829)"},"authentication":"@parameters('$authentication')"}},"Grant_access_to_Read_for_Line_Approver":{"runAfter":{"Send_an_HTTP_request_to_SharePoint_-_set_full_control_permisssion_for_admin_grp":["Succeeded"]},"metadata":{"operationMetadataId":"81771bbd-8572-4134-8764-a5f6e8abe645"},"type":"OpenApiConnection","inputs":{"host":{"apiId":"/providers/Microsoft.PowerApps/apis/shared_sharepointonline","connectionName":"shared_sharepointonline_1","operationId":"GrantAccess"},"parameters":{"dataset":"@variables('rootSiteUrl')","table":"@variables('RequestDocument')","id":"@triggerOutputs()?['body/ID']","parameter/recipients":"@variables('EmailList')","parameter/roleValue":"role:1073741826"},"authentication":"@parameters('$authentication')"}}},"runAfter":{"Get_RequestList":["Succeeded"]},"expression":{"greater":["@length(outputs('Get_RequestList')?['body/value'])",0]},"metadata":{"operationMetadataId":"a83836f3-4a63-4df9-baa4-d86af8b6fdde"},"type":"If"}},"runAfter":{"Var_EmailList":["Succeeded"]},"else":{"actions":{"Send_an_HTTP_request_to_SharePoint_-_break_permission_2":{"runAfter":{},"metadata":{"operationMetadataId":"c72c7b87-f5fa-48bd-952c-205b94a39d4a"},"type":"OpenApiConnection","inputs":{"host":{"apiId":"/providers/Microsoft.PowerApps/apis/shared_sharepointonline","connectionName":"shared_sharepointonline_1","operationId":"HttpRequest"},"parameters":{"dataset":"@variables('rootSiteUrl')","parameters/method":"POST","parameters/uri":"_api/lists/getByTitle('@{variables('RequestDocument')}')/items(@{triggerOutputs()?['body/ID']})/breakroleinheritance(copyRoleAssignments=true,clearSubscopes=true)"},"authentication":"@parameters('$authentication')"}}}},"expression":{"equals":["@triggerOutputs()?['body/{IsFolder}']",true]},"metadata":{"operationMetadataId":"5a8b7826-fb8f-41fc-b61c-46a251e12117"},"type":"If"},"Var_rootSiteUrl":{"runAfter":{},"metadata":{"operationMetadataId":"f6985cf6-5bda-490d-9b65-d719968ce139"},"type":"InitializeVariable","inputs":{"variables":[{"name":"rootSiteUrl","type":"string","value":"https://thaimediafund.sharepoint.com/sites/esaraban"}]}},"Var_RequestList":{"runAfter":{"Var_rootSiteUrl":["Succeeded"]},"metadata":{"operationMetadataId":"019b51fb-bf1f-447c-be2d-2a1be65c90e0"},"type":"InitializeVariable","inputs":{"variables":[{"name":"RequestList","type":"string","value":"RequestList"}]}},"Var_WorkflowHistoryList":{"runAfter":{"Var_RequestList":["Succeeded"]},"metadata":{"operationMetadataId":"739935b2-a931-4799-9eb4-3c982579f60f"},"type":"InitializeVariable","inputs":{"variables":[{"name":"WorkflowHistoryList","type":"string","value":"WorkflowHistory"}]}},"Var_RequestDocument":{"runAfter":{"Var_WorkflowHistoryList":["Succeeded"]},"metadata":{"operationMetadataId":"019b51fb-bf1f-447c-be2d-2a1be65c90e0"},"type":"InitializeVariable","inputs":{"variables":[{"name":"RequestDocument","type":"string","value":"RequestDocument"}]}},"Var_CurrentEmail":{"runAfter":{"Var_RequestDocument":["Succeeded"]},"metadata":{"operationMetadataId":"a61a0228-7472-4513-a7be-7af190ad378c"},"type":"InitializeVariable","inputs":{"variables":[{"name":"CurrentEmail","type":"string"}]}}}},"connectionReferences":{"shared_sharepointonline_1":{"connectionName":"a2dbd99753664d62ae4407fa7358a76f","source":"Embedded","id":"/providers/Microsoft.PowerApps/apis/shared_sharepointonline","tier":"NotSpecified"}},"flowFailureAlertSubscribed":false,"isManaged":false}}