{"name":"6214512f-ff20-49a0-af29-4c18b800ae09","id":"/providers/Microsoft.Flow/flows/6214512f-ff20-49a0-af29-4c18b800ae09","type":"Microsoft.Flow/flows","properties":{"apiId":"/providers/Microsoft.PowerApps/apis/shared_logicflows","displayName":"ESaraban - Create folder in sharepoint library","definition":{"metadata":{"workflowEntityId":null,"processAdvisorMetadata":null,"flowclientsuspensionreason":"None","flowclientsuspensiontime":null,"flowclientsuspensionreasondetails":null,"creator":{"id":"e03f9976-02b6-4223-b639-2aa11c907802","type":"User","tenantId":"c93bfd9a-cf27-4d4e-a953-6ef0c1782f20"},"provisioningMethod":"FromDefinition","failureAlertSubscription":true,"clientLastModifiedTime":"2023-01-10T16:53:42.1721598Z"},"$schema":"https://schema.management.azure.com/providers/Microsoft.Logic/schemas/2016-06-01/workflowdefinition.json#","contentVersion":"1.0.0.0","parameters":{"$connections":{"defaultValue":{},"type":"Object"},"$authentication":{"defaultValue":{},"type":"SecureObject"}},"triggers":{"manual":{"metadata":{"operationMetadataId":"80382e92-0ef3-40dd-a84d-9c8c6c370597"},"type":"Request","kind":"PowerApp","inputs":{"schema":{"type":"object","properties":{"RequestNumber_Value":{"type":"string","description":"Enter initial value","x-ms-powerflows-param-ispartial":false}},"required":["RequestNumber_Value"]}}}},"actions":{"Var_rootSiteUrl":{"runAfter":{},"metadata":{"operationMetadataId":"f6985cf6-5bda-490d-9b65-d719968ce139"},"type":"InitializeVariable","inputs":{"variables":[{"name":"rootSiteUrl","type":"string","value":"https://thaimediafund.sharepoint.com/sites/esaraban"}]}},"Var_RequestDocument":{"runAfter":{"Var_rootSiteUrl":["Succeeded"]},"metadata":{"operationMetadataId":"019b51fb-bf1f-447c-be2d-2a1be65c90e0"},"type":"InitializeVariable","inputs":{"variables":[{"name":"RequestDocument","type":"string","value":"RequestDocument"}]}},"Var_Result":{"runAfter":{"Var_RequestDocument":["Succeeded"]},"metadata":{"operationMetadataId":"3f8ab4fe-75ae-40cb-942d-6c01a0a93e82"},"type":"InitializeVariable","inputs":{"variables":[{"name":"Result","type":"string","value":"Success"}]}},"RequestNumber":{"runAfter":{"Var_Result":["Succeeded"]},"metadata":{"operationMetadataId":"019b51fb-bf1f-447c-be2d-2a1be65c90e0"},"type":"InitializeVariable","inputs":{"variables":[{"name":"RequestNumber","type":"string","value":"@{triggerBody()['RequestNumber_Value']}"}]}},"Create_new_folder":{"runAfter":{"RequestNumber":["Succeeded"]},"metadata":{"operationMetadataId":"b46cf356-85b8-44ca-b7a2-e0a5a3394937"},"type":"OpenApiConnection","inputs":{"host":{"apiId":"/providers/Microsoft.PowerApps/apis/shared_sharepointonline","connectionName":"shared_sharepointonline","operationId":"CreateNewFolder"},"parameters":{"dataset":"@variables('rootSiteUrl')","table":"@variables('RequestDocument')","parameters/path":"@variables('RequestNumber')"},"authentication":{"value":"@json(decodeBase64(triggerOutputs().headers['X-MS-APIM-Tokens']))['$ConnectionKey']","type":"Raw"}}},"Respond_to_a_PowerApp_or_flow":{"runAfter":{"Create_new_folder":["Succeeded","Skipped","Failed"]},"metadata":{"operationMetadataId":"8d4c19d4-2590-4cc7-88c7-ce388242b833"},"type":"Response","kind":"PowerApp","inputs":{"statusCode":200,"body":{"result":"@variables('Result')"},"schema":{"type":"object","properties":{"result":{"title":"Result","x-ms-dynamically-added":true,"type":"string"}}}}}}},"connectionReferences":{"shared_sharepointonline":{"connectionName":"a2dbd99753664d62ae4407fa7358a76f","source":"Invoker","id":"/providers/Microsoft.PowerApps/apis/shared_sharepointonline","tier":"NotSpecified"}},"flowFailureAlertSubscribed":false,"isManaged":false}}