{"name":"959f0018-9bd6-437e-a6a6-e55996dff489","id":"/providers/Microsoft.Flow/flows/959f0018-9bd6-437e-a6a6-e55996dff489","type":"Microsoft.Flow/flows","properties":{"apiId":"/providers/Microsoft.PowerApps/apis/shared_logicflows","displayName":"ESaraban - Upload files to sharepoint library","definition":{"metadata":{"workflowEntityId":null,"processAdvisorMetadata":null,"flowclientsuspensionreason":"None","flowclientsuspensiontime":null,"flowclientsuspensionreasondetails":null,"creator":{"id":"e03f9976-02b6-4223-b639-2aa11c907802","type":"User","tenantId":"c93bfd9a-cf27-4d4e-a953-6ef0c1782f20"},"provisioningMethod":"FromDefinition","failureAlertSubscription":true,"clientLastModifiedTime":"2023-01-10T15:45:27.4638304Z"},"$schema":"https://schema.management.azure.com/providers/Microsoft.Logic/schemas/2016-06-01/workflowdefinition.json#","contentVersion":"1.0.0.0","parameters":{"$connections":{"defaultValue":{},"type":"Object"},"$authentication":{"defaultValue":{},"type":"SecureObject"}},"triggers":{"manual":{"metadata":{"operationMetadataId":"9102ffd3-d45a-422d-9c54-68e7aa0275dc"},"type":"Request","kind":"PowerApp","inputs":{"schema":{"type":"object","properties":{"Initializevariable_Value":{"type":"any"},"varUploadFiles_Value":{"type":"string","description":"Enter initial value","x-ms-powerflows-param-ispartial":false},"RequestNumber_Value":{"type":"string","description":"Enter initial value","x-ms-powerflows-param-ispartial":false},"IsRequireSign_Value":{"type":"boolean","description":"Enter initial value","x-ms-powerflows-param-ispartial":false},"RequestInternalNumber_Value":{"type":"string","description":"Enter initial value","x-ms-powerflows-param-ispartial":false},"RequestExternalNumber_Value":{"type":"string","description":"Enter initial value","x-ms-powerflows-param-ispartial":false},"IsInternal_Value":{"type":"boolean","description":"Enter initial value","x-ms-powerflows-param-ispartial":false},"IsExternal_Value":{"type":"boolean","description":"Enter initial value","x-ms-powerflows-param-ispartial":false}},"required":["Initializevariable_Value","varUploadFiles_Value","RequestNumber_Value","IsRequireSign_Value","RequestInternalNumber_Value","RequestExternalNumber_Value","IsInternal_Value","IsExternal_Value"]}}}},"actions":{"varUploadFiles":{"runAfter":{"IsExternal":["Succeeded"]},"metadata":{"operationMetadataId":"dfb4a8bf-d47c-40d9-93c5-3698ba075863"},"type":"InitializeVariable","inputs":{"variables":[{"name":"varUploadFiles","type":"string","value":"@{triggerBody()['varUploadFiles_Value']}"}]}},"Compose":{"runAfter":{"varUploadFiles":["Succeeded"]},"metadata":{"operationMetadataId":"5f4ed13c-ff6f-4ed0-acf9-6b1973d13be6"},"type":"Compose","inputs":"@json(variables('varUploadFiles'))"},"Parse_JSON":{"runAfter":{"Compose":["Succeeded"]},"metadata":{"operationMetadataId":"5a2b704b-c3f4-494a-9b9c-7f93743dbbfa"},"type":"ParseJson","inputs":{"content":"@outputs('Compose')","schema":{"type":"array","items":{"type":"object","properties":{"DataStream":{"type":"string"},"Title":{"type":"string"}},"required":["DataStream","Title"]}}}},"Apply_to_each":{"foreach":"@body('Parse_JSON')","actions":{"check_if_file_exist,_then_rename":{"actions":{},"runAfter":{},"metadata":{"operationMetadataId":"2ee66673-8799-48c0-950d-53bbb7366bcc"},"type":"Scope"},"Create_file":{"runAfter":{"check_if_file_exist,_then_rename":["Succeeded"]},"metadata":{"operationMetadataId":"c0071810-08d6-4bb9-a556-57bc26b3704d"},"type":"OpenApiConnection","inputs":{"host":{"apiId":"/providers/Microsoft.PowerApps/apis/shared_sharepointonline","connectionName":"shared_sharepointonline","operationId":"CreateFile"},"parameters":{"dataset":"@variables('rootSiteUrl')","folderPath":"/@{variables('RequestDocument')}/@{variables('RequestNumber')}","name":"@items('Apply_to_each')['Title']","body":"@dataUriToBinary(items('Apply_to_each')['DataStream'])"},"authentication":{"value":"@json(decodeBase64(triggerOutputs().headers['X-MS-APIM-Tokens']))['$ConnectionKey']","type":"Raw"}},"runtimeConfiguration":{"contentTransfer":{"transferMode":"Chunked"}}},"Update_file_properties":{"runAfter":{"Create_file":["Succeeded"]},"metadata":{"operationMetadataId":"1bfb2f5c-b625-4264-aa32-8ea5b09e617f"},"type":"OpenApiConnection","inputs":{"host":{"apiId":"/providers/Microsoft.PowerApps/apis/shared_sharepointonline","connectionName":"shared_sharepointonline","operationId":"PatchFileItem"},"parameters":{"dataset":"@variables('rootSiteUrl')","table":"@variables('RequestDocument')","id":"@outputs('Create_file')?['body/ItemId']","item":{"RequestNumber":"@variables('RequestNumber')","RequestInternalNumber":"@variables('RequestInternalNumber')","RequestExternalNumber":"@variables('RequestExternalNumber')","IsRequireSign":"@variables('IsRequireSign')","IsInternal":"@variables('IsInternal')","IsExternal":"@variables('IsExternal')","Title":"@variables('RequestInternalNumber')","Subject":"@variables('RequestExternalNumber')"}},"authentication":{"value":"@json(decodeBase64(triggerOutputs().headers['X-MS-APIM-Tokens']))['$ConnectionKey']","type":"Raw"}}}},"runAfter":{"check_if_folder_exist,_then_create":["Succeeded"]},"metadata":{"operationMetadataId":"df9f01d9-397e-412b-95c9-352639c39138"},"type":"Foreach"},"Respond_to_a_PowerApp_or_flow":{"runAfter":{"Set_Result_Error":["Succeeded","Failed","Skipped","TimedOut"]},"metadata":{"operationMetadataId":"8d4c19d4-2590-4cc7-88c7-ce388242b833"},"type":"Response","kind":"PowerApp","inputs":{"statusCode":200,"body":{"result":"@variables('Result')"},"schema":{"type":"object","properties":{"result":{"title":"Result","x-ms-dynamically-added":true,"type":"string"}}}}},"RequestNumber":{"runAfter":{"Var_Result":["Succeeded"]},"metadata":{"operationMetadataId":"5ebf7b52-1997-45e2-bdfe-1c64616cff4d"},"type":"InitializeVariable","inputs":{"variables":[{"name":"RequestNumber","type":"string","value":"@{triggerBody()['RequestNumber_Value']}"}]}},"IsRequireSign":{"runAfter":{"RequestExternalNumber":["Succeeded"]},"metadata":{"operationMetadataId":"74b1151a-142b-447b-a42f-5e70483a3e04"},"type":"InitializeVariable","inputs":{"variables":[{"name":"IsRequireSign","type":"boolean","value":"@triggerBody()['IsRequireSign_Value']"}]}},"check_if_folder_exist,_then_create":{"actions":{},"runAfter":{"Parse_JSON":["Succeeded"]},"metadata":{"operationMetadataId":"c2dac32e-82c7-40aa-b489-ae78516ddb25"},"type":"Scope"},"RequestInternalNumber":{"runAfter":{"RequestNumber":["Succeeded"]},"metadata":{"operationMetadataId":"c04c2eba-96f4-46bd-8b65-1db072d4c42d"},"type":"InitializeVariable","inputs":{"variables":[{"name":"RequestInternalNumber","type":"string","value":"@{triggerBody()['RequestInternalNumber_Value']}"}]}},"RequestExternalNumber":{"runAfter":{"RequestInternalNumber":["Succeeded"]},"metadata":{"operationMetadataId":"a27fbd70-4fff-4108-821e-17295cc1e3cf"},"type":"InitializeVariable","inputs":{"variables":[{"name":"RequestExternalNumber","type":"string","value":"@{triggerBody()['RequestExternalNumber_Value']}"}]}},"Var_rootSiteUrl":{"runAfter":{},"metadata":{"operationMetadataId":"f6985cf6-5bda-490d-9b65-d719968ce139"},"type":"InitializeVariable","inputs":{"variables":[{"name":"rootSiteUrl","type":"string","value":"https://thaimediafund.sharepoint.com/sites/esaraban"}]}},"Var_RequestDocument":{"runAfter":{"Var_rootSiteUrl":["Succeeded"]},"metadata":{"operationMetadataId":"019b51fb-bf1f-447c-be2d-2a1be65c90e0"},"type":"InitializeVariable","inputs":{"variables":[{"name":"RequestDocument","type":"string","value":"RequestDocument"}]}},"IsInternal":{"runAfter":{"IsRequireSign":["Succeeded"]},"metadata":{"operationMetadataId":"4a88288b-883c-434a-8241-ceaa17447ca4"},"type":"InitializeVariable","inputs":{"variables":[{"name":"IsInternal","type":"boolean","value":"@triggerBody()['IsInternal_Value']"}]}},"IsExternal":{"runAfter":{"IsInternal":["Succeeded"]},"metadata":{"operationMetadataId":"71b80350-7504-44fd-8db7-970d2fb5ea82"},"type":"InitializeVariable","inputs":{"variables":[{"name":"IsExternal","type":"boolean","value":"@triggerBody()['IsExternal_Value']"}]}},"Var_Result":{"runAfter":{"Var_RequestDocument":["Succeeded"]},"metadata":{"operationMetadataId":"fa1f742b-f439-4fce-85b9-af760dad502b"},"type":"InitializeVariable","inputs":{"variables":[{"name":"Result","type":"string","value":"Success"}]}},"Set_Result_Error":{"runAfter":{"Apply_to_each":["Failed","Skipped","TimedOut"]},"metadata":{"operationMetadataId":"4cc248c3-182f-48f0-a658-426809cdf9cc"},"type":"SetVariable","inputs":{"name":"Result","value":"Error"}}}},"connectionReferences":{"shared_sharepointonline":{"connectionName":"a2dbd99753664d62ae4407fa7358a76f","source":"Invoker","id":"/providers/Microsoft.PowerApps/apis/shared_sharepointonline","tier":"NotSpecified"}},"flowFailureAlertSubscribed":false,"isManaged":false}}