{"name":"a4b72b59-07f9-40b0-a000-25d40d581bb1","id":"/providers/Microsoft.Flow/flows/a4b72b59-07f9-40b0-a000-25d40d581bb1","type":"Microsoft.Flow/flows","properties":{"apiId":"/providers/Microsoft.PowerApps/apis/shared_logicflows","displayName":"ESaraban - Set request permission","definition":{"metadata":{"workflowEntityId":null,"processAdvisorMetadata":null,"flowclientsuspensionreason":"None","flowclientsuspensiontime":null,"flowclientsuspensionreasondetails":null,"creator":{"id":"e03f9976-02b6-4223-b639-2aa11c907802","type":"User","tenantId":"c93bfd9a-cf27-4d4e-a953-6ef0c1782f20"},"provisioningMethod":"FromDefinition","failureAlertSubscription":true,"clientLastModifiedTime":"2023-01-30T08:52:33.2786598Z"},"$schema":"https://schema.management.azure.com/providers/Microsoft.Logic/schemas/2016-06-01/workflowdefinition.json#","contentVersion":"1.0.0.0","parameters":{"$connections":{"defaultValue":{},"type":"Object"},"$authentication":{"defaultValue":{},"type":"SecureObject"}},"triggers":{"When_an_item_is_created":{"recurrence":{"frequency":"Minute","interval":5},"splitOn":"@triggerOutputs()?['body/value']","metadata":{"operationMetadataId":"e9cceba8-3966-44bb-9b32-11783930afd7"},"type":"OpenApiConnection","inputs":{"host":{"apiId":"/providers/Microsoft.PowerApps/apis/shared_sharepointonline","connectionName":"shared_sharepointonline_1","operationId":"GetOnNewItems"},"parameters":{"dataset":"https://thaimediafund.sharepoint.com/sites/esaraban","table":"dc09e5dc-1a95-4de1-8830-321fdcf28e24"},"authentication":"@parameters('$authentication')"}}},"actions":{"Var_CurrentEmail":{"runAfter":{"Var_WorkflowHistoryList":["Succeeded"]},"metadata":{"operationMetadataId":"a61a0228-7472-4513-a7be-7af190ad378c"},"type":"InitializeVariable","inputs":{"variables":[{"name":"CurrentEmail","type":"string"}]}},"Append_EmailList":{"runAfter":{"Var_EmailList":["Succeeded"]},"metadata":{"operationMetadataId":"26b3a98b-be11-47f1-87a5-e116b484b587"},"type":"AppendToStringVariable","inputs":{"name":"EmailList","value":"@{triggerOutputs()?['body/Requestor/Email']};@{triggerOutputs()?['body/LastApprover/Email']};@{triggerOutputs()?['body/CurrentApprover/Email']};@{triggerOutputs()?['body/NextApprover/Email']};@{triggerOutputs()?['body/LineApproval']}"}},"Get_WorkflowHistory":{"runAfter":{"Append_EmailList":["Succeeded"]},"metadata":{"operationMetadataId":"bb7283c2-81d3-43f3-a3bf-aeb8c73f780a"},"type":"OpenApiConnection","inputs":{"host":{"apiId":"/providers/Microsoft.PowerApps/apis/shared_sharepointonline","connectionName":"shared_sharepointonline_1","operationId":"GetItems"},"parameters":{"dataset":"@variables('rootSiteUrl')","table":"@variables('WorkflowHistoryList')","$filter":"Title eq '@{triggerOutputs()?['body/Title']}'"},"authentication":"@parameters('$authentication')"}},"Apply_to_each_2":{"foreach":"@outputs('Get_WorkflowHistory')?['body/value']","actions":{"Append_EmailList_2":{"runAfter":{},"metadata":{"operationMetadataId":"c43f6140-f8cc-4fa2-bb91-f07b09fd49b8"},"type":"AppendToStringVariable","inputs":{"name":"EmailList","value":"@{items('Apply_to_each_2')?['AssignUser/Email']};"}}},"runAfter":{"Get_WorkflowHistory":["Succeeded"]},"metadata":{"operationMetadataId":"7986f3c2-23d0-49ce-96c9-3d0504c0963c"},"type":"Foreach"},"Send_an_HTTP_request_to_SharePoint_-_break_permission":{"runAfter":{"Apply_to_each_2":["Succeeded"]},"metadata":{"operationMetadataId":"c72c7b87-f5fa-48bd-952c-205b94a39d4a"},"type":"OpenApiConnection","inputs":{"host":{"apiId":"/providers/Microsoft.PowerApps/apis/shared_sharepointonline","connectionName":"shared_sharepointonline_1","operationId":"HttpRequest"},"parameters":{"dataset":"@variables('rootSiteUrl')","parameters/method":"POST","parameters/uri":"_api/lists/getByTitle('@{variables('RequestList')}')/items(@{triggerOutputs()?['body/ID']})/breakroleinheritance(copyRoleAssignments=false,clearSubscopes=true)"},"authentication":"@parameters('$authentication')"}},"Send_an_HTTP_request_to_SharePoint_-_set_full_control_permisssion_for_ower_group":{"runAfter":{"Send_an_HTTP_request_to_SharePoint_-_break_permission":["Succeeded"]},"metadata":{"operationMetadataId":"c8509497-be6b-4853-a672-7045b016d4a8"},"type":"OpenApiConnection","inputs":{"host":{"apiId":"/providers/Microsoft.PowerApps/apis/shared_sharepointonline","connectionName":"shared_sharepointonline_1","operationId":"HttpRequest"},"parameters":{"dataset":"@variables('rootSiteUrl')","parameters/method":"POST","parameters/uri":"_api/web/lists/getbytitle('@{variables('RequestList')}')/items(@{triggerOutputs()?['body/ID']})/roleassignments/addroleassignment(principalid='3', roleDefId=1073741829)"},"authentication":"@parameters('$authentication')"}},"Grant_access_to_Contribute_for_Next_Approver":{"runAfter":{"Grant_access_to_Read_for_Line_Approver":["Succeeded"]},"metadata":{"operationMetadataId":"81771bbd-8572-4134-8764-a5f6e8abe645"},"type":"OpenApiConnection","inputs":{"host":{"apiId":"/providers/Microsoft.PowerApps/apis/shared_sharepointonline","connectionName":"shared_sharepointonline_1","operationId":"GrantAccess"},"parameters":{"dataset":"@variables('rootSiteUrl')","table":"@variables('RequestList')","id":"@triggerOutputs()?['body/ID']","parameter/recipients":"@variables('CurrentEmail')","parameter/roleValue":"role:1073741827"},"authentication":"@parameters('$authentication')"}},"Var_rootSiteUrl":{"runAfter":{},"metadata":{"operationMetadataId":"f6985cf6-5bda-490d-9b65-d719968ce139"},"type":"InitializeVariable","inputs":{"variables":[{"name":"rootSiteUrl","type":"string","value":"https://thaimediafund.sharepoint.com/sites/esaraban"}]}},"Var_RequestList":{"runAfter":{"Var_rootSiteUrl":["Succeeded"]},"metadata":{"operationMetadataId":"019b51fb-bf1f-447c-be2d-2a1be65c90e0"},"type":"InitializeVariable","inputs":{"variables":[{"name":"RequestList","type":"string","value":"RequestList"}]}},"Var_WorkflowHistoryList":{"runAfter":{"Var_RequestList":["Succeeded"]},"metadata":{"operationMetadataId":"739935b2-a931-4799-9eb4-3c982579f60f"},"type":"InitializeVariable","inputs":{"variables":[{"name":"WorkflowHistoryList","type":"string","value":"WorkflowHistory"}]}},"Send_an_HTTP_request_to_SharePoint_-_set_full_control_permisssion_for_admin_grp":{"runAfter":{"Send_an_HTTP_request_to_SharePoint_-_set_full_control_permisssion_for_ower_group":["Succeeded"]},"metadata":{"operationMetadataId":"c8509497-be6b-4853-a672-7045b016d4a8"},"type":"OpenApiConnection","inputs":{"host":{"apiId":"/providers/Microsoft.PowerApps/apis/shared_sharepointonline","connectionName":"shared_sharepointonline_1","operationId":"HttpRequest"},"parameters":{"dataset":"@variables('rootSiteUrl')","parameters/method":"POST","parameters/uri":"_api/web/lists/getbytitle('@{variables('RequestList')}')/items(@{triggerOutputs()?['body/ID']})/roleassignments/addroleassignment(principalid='11', roleDefId=1073741829)"},"authentication":"@parameters('$authentication')"}},"Var_EmailList":{"runAfter":{"if_Draft_set_CurrentEmail_to_Requestor":["Succeeded"]},"metadata":{"operationMetadataId":"a61a0228-7472-4513-a7be-7af190ad378c"},"type":"InitializeVariable","inputs":{"variables":[{"name":"EmailList","type":"string"}]}},"if_Draft_set_CurrentEmail_to_Requestor":{"actions":{"Set_CurrentEmail":{"runAfter":{},"metadata":{"operationMetadataId":"42b5338d-776b-4543-9097-a01041310fb6"},"type":"SetVariable","inputs":{"name":"CurrentEmail","value":"@{triggerOutputs()?['body/Requestor/Email']};"}}},"runAfter":{"Var_CurrentEmail":["Succeeded"]},"else":{"actions":{"Set_CurrentEmail_2":{"runAfter":{},"metadata":{"operationMetadataId":"a40f2605-0bfb-40af-8753-3289cb97bb90"},"type":"SetVariable","inputs":{"name":"CurrentEmail","value":"@{triggerOutputs()?['body/NextApprover/Email']};"}}}},"expression":{"equals":["@toLower(triggerOutputs()?['body/RequestStatus'])","draft"]},"metadata":{"operationMetadataId":"092f0c1e-f51f-4f88-ab09-3d209d8fa6cd"},"type":"If"},"Grant_access_to_Read_for_Line_Approver":{"runAfter":{"Send_an_HTTP_request_to_SharePoint_-_set_full_control_permisssion_for_admin_grp":["Succeeded"]},"metadata":{"operationMetadataId":"81771bbd-8572-4134-8764-a5f6e8abe645"},"type":"OpenApiConnection","inputs":{"host":{"apiId":"/providers/Microsoft.PowerApps/apis/shared_sharepointonline","connectionName":"shared_sharepointonline_1","operationId":"GrantAccess"},"parameters":{"dataset":"@variables('rootSiteUrl')","table":"@variables('RequestList')","id":"@triggerOutputs()?['body/ID']","parameter/recipients":"@variables('EmailList')","parameter/roleValue":"role:1073741826"},"authentication":"@parameters('$authentication')"}}}},"connectionReferences":{"shared_sharepointonline_1":{"connectionName":"a2dbd99753664d62ae4407fa7358a76f","source":"Embedded","id":"/providers/Microsoft.PowerApps/apis/shared_sharepointonline","tier":"NotSpecified"}},"flowFailureAlertSubscribed":false,"isManaged":false}}