{"schemaVersion":"1.0","appDefinitionTemplate":{"id":"/providers/Microsoft.PowerApps/apps/","type":"Microsoft.PowerApps/apps","tags":{"primaryDeviceWidth":"1366","primaryDeviceHeight":"768","sienaVersion":"20230203T205052Z-3.23014.14.0","deviceCapabilities":"","supportsPortrait":"false","supportsLandscape":"true","primaryFormFactor":"Tablet","publisherVersion":"3.23014.14","minimumRequiredApiVersion":"2.2.0","hasComponent":"true","hasUnlockedComponent":"true","isUnifiedRootApp":"false"},"properties":{"appVersion":"2023-02-03T20:50:52Z","lifeCycleId":"Published","createdByClientVersion":{"major":3,"minor":23014,"build":14,"revision":0,"majorRevision":0,"minorRevision":0},"minClientVersion":{"major":3,"minor":23014,"build":14,"revision":0,"majorRevision":0,"minorRevision":0},"backgroundColor":"rgba(255, 255, 255, 1)","backgroundImageUri":"/9076531653705791746/N1c4287a1-544c-40c3-85a1-79bf80938f95-logoSmallFile","displayName":"ESaraban","description":"","commitMessage":"","appUris":{"documentUri":{"value":"/9076531653705791746/N2dfc3e60-8df5-4abc-858f-f9dcd6b21bab-document.msapp"},"imageUris":[],"additionalUris":[]},"createdTime":"0001-01-01T00:00:00Z","lastModifiedTime":"0001-01-01T00:00:00Z","sharedGroupsCount":0,"sharedUsersCount":0,"connectionReferences":{"befcf2f4-6e2a-4eff-b111-e11296b00451":{"id":"a44ff4ce-c76a-4dba-82ea-00e8b0b9e075","displayName":"Office 365 Users","iconUri":"https://connectoricons-prod.azureedge.net/releases/v1.0.1617/1.0.1617.3171/office365users/icon.png","dataSources":["Office365Users"],"dependencies":[],"dependents":[],"parameterHints":{},"parameterHintsV2":{},"isOnPremiseConnection":false,"bypassConsent":false,"dataSets":{},"apiTier":"Standard","isCustomApiConnection":false,"actions":["MyProfileV2","MyProfile","SearchUser"]},"3338fc89-5c40-40b1-b8f7-a731790d1e03":{"id":"98d3e336-5465-4b40-9b05-9023e7c14b3d","displayName":"Office 365 Outlook","iconUri":"https://connectoricons-prod.azureedge.net/releases/v1.0.1617/1.0.1617.3171/office365/icon.png","dataSources":["Office365Outlook"],"dependencies":[],"dependents":[],"parameterHints":{},"parameterHintsV2":{},"isOnPremiseConnection":false,"bypassConsent":false,"dataSets":{},"apiTier":"Standard","isCustomApiConnection":false,"actions":["SendEmailV2"]},"add49638-6bb2-49a3-bb81-619458eee735":{"id":"08b68dd6-3275-4498-8f2c-dade659c05dd","displayName":"SharePoint","iconUri":"https://connectoricons-prod.azureedge.net/u/juanq/gateway/greyhound/3000.150.11/1.0.1613.3116/sharepointonline/icon.png","dataSources":["Configurations","ImageList","RequestDocument","RequestExternalRunningNumber","RequestInternalRunningNumber","RequestList","RequestRunningNumber","RequestType","UserProfile","WorkflowHistory","WorkflowResponseOptionJobLevel","WorkflowResponseOptionMaster","ReserveRequestNumber","RequestReceiveExternalRunningNumber","RequestCategory","Referred Request","LineApproval"],"dependencies":[],"dependents":["e3026c00-05e7-464e-89c7-cfbb90bd8645","3d69c3ae-7f80-4a56-80a3-677cc602ffa5","0be5f90a-4b9e-44c8-89de-a2b0fc0fa688"],"parameterHints":{},"parameterHintsV2":{},"isOnPremiseConnection":false,"bypassConsent":false,"dataSets":{"https://thaimediafund.sharepoint.com/sites/esaraban":{"dataSources":{"Configurations":{"tableName":"b69eee78-2cf8-49bb-b210-0dc44b95fb57"},"ImageList":{"tableName":"bf7233dd-ce06-42b9-8408-cca99725ddbe"},"RequestDocument":{"tableName":"903546b8-402e-4b62-986e-3bbbeceb72b7"},"RequestExternalRunningNumber":{"tableName":"aa8af213-0f0c-4922-8d31-aed272df74c1"},"RequestInternalRunningNumber":{"tableName":"e51e03c7-e45a-4eaa-8246-c9794627255d"},"RequestList":{"tableName":"dc09e5dc-1a95-4de1-8830-321fdcf28e24"},"RequestRunningNumber":{"tableName":"d6c99327-926e-4e29-9897-27d538ce5f0c"},"RequestType":{"tableName":"ea90e1e2-2221-4457-8490-83d7429b71d7"},"UserProfile":{"tableName":"b133406c-5b50-469f-be09-cda71c1f7de4"},"WorkflowHistory":{"tableName":"7b571531-b0b2-4279-9fcd-b09c6939c15a"},"WorkflowResponseOptionJobLevel":{"tableName":"12069afd-838c-47cd-9676-7091a319dcaa"},"WorkflowResponseOptionMaster":{"tableName":"8bbd8bca-7737-4bba-b3a9-bf0a03df48a9"},"ReserveRequestNumber":{"tableName":"704e7945-146f-4313-badc-3945f8acd77f"},"RequestReceiveExternalRunningNumber":{"tableName":"a40ea400-47f9-44a8-9d74-09acb0cee7fa"},"RequestCategory":{"tableName":"659226cf-ea68-4c77-9bc4-47ce769b060f"},"Referred Request":{"tableName":"79910a5b-ca6a-48a4-9760-7506d21161dd"},"LineApproval":{"tableName":"05d42ce9-4692-4e90-8752-8f6aa51b3087"}}}},"apiTier":"Standard","isCustomApiConnection":false,"actions":["providers/PowerPlatform.Governance/Operations/Read"]},"e3026c00-05e7-464e-89c7-cfbb90bd8645":{"id":"a836b523-fd04-4ce3-a69b-cb28b3f1b9af","displayName":"Logic flows","iconUri":"https://connectoricons-prod.azureedge.net/releases/v1.0.1615/1.0.1615.3163/logicflows/icon.png","dataSources":["ESaraban-Uploadfilestosharepointlibrary"],"dependencies":["add49638-6bb2-49a3-bb81-619458eee735"],"dependents":[],"parameterHints":{"workflowName":{"value":"d1279d39-29c0-4628-b7d0-683e8390a910"},"workflowEntityId":{},"add49638-6bb2-49a3-bb81-619458eee735":{"value":"shared_sharepointonline"}},"parameterHintsV2":{"workflowName":{"value":"d1279d39-29c0-4628-b7d0-683e8390a910"},"workflowEntityId":{},"shared_sharepointonline":{"value":"add49638-6bb2-49a3-bb81-619458eee735"}},"isOnPremiseConnection":false,"bypassConsent":false,"dataSets":{},"apiTier":"Standard","isCustomApiConnection":false,"actions":["Run"],"nestedActions":[{"id":"/providers/Microsoft.PowerApps/apis/shared_sharepointonline/apiOperations/CreateFile","apiName":"SharePoint","actionName":"CreateFile","referencedResources":[{"key":"site","value":"[DYNAMIC_VALUE]"}]},{"id":"/providers/Microsoft.PowerApps/apis/shared_sharepointonline/apiOperations/PatchFileItem","apiName":"SharePoint","actionName":"PatchFileItem","referencedResources":[]}]},"3d69c3ae-7f80-4a56-80a3-677cc602ffa5":{"id":"a836b523-fd04-4ce3-a69b-cb28b3f1b9af","displayName":"Logic flows","iconUri":"https://connectoricons-prod.azureedge.net/releases/v1.0.1615/1.0.1615.3163/logicflows/icon.png","dataSources":["ESaraban-Createfolderinsharepointlibrary"],"dependencies":["add49638-6bb2-49a3-bb81-619458eee735"],"dependents":[],"parameterHints":{"workflowName":{"value":"3b70082c-db90-48a7-98b0-64a40ab5c39f"},"workflowEntityId":{},"add49638-6bb2-49a3-bb81-619458eee735":{"value":"shared_sharepointonline"}},"parameterHintsV2":{"workflowName":{"value":"3b70082c-db90-48a7-98b0-64a40ab5c39f"},"workflowEntityId":{},"shared_sharepointonline":{"value":"add49638-6bb2-49a3-bb81-619458eee735"}},"isOnPremiseConnection":false,"bypassConsent":false,"dataSets":{},"apiTier":"Standard","isCustomApiConnection":false,"actions":["Run"],"nestedActions":[{"id":"/providers/Microsoft.PowerApps/apis/shared_sharepointonline/apiOperations/CreateNewFolder","apiName":"SharePoint","actionName":"CreateNewFolder","referencedResources":[{"key":"site","value":"[DYNAMIC_VALUE]"},{"key":"list","value":"[DYNAMIC_VALUE]"}]}]},"0be5f90a-4b9e-44c8-89de-a2b0fc0fa688":{"id":"a836b523-fd04-4ce3-a69b-cb28b3f1b9af","displayName":"Logic flows","iconUri":"https://connectoricons-prod.azureedge.net/releases/v1.0.1615/1.0.1615.3163/logicflows/icon.png","dataSources":["ESaraban-Deletefilesfromsharepointlibrary"],"dependencies":["add49638-6bb2-49a3-bb81-619458eee735"],"dependents":[],"parameterHints":{"workflowName":{"value":"fd2dfc37-8223-43ad-976c-af66106a7e6c"},"workflowEntityId":{},"add49638-6bb2-49a3-bb81-619458eee735":{"value":"shared_sharepointonline"}},"parameterHintsV2":{"workflowName":{"value":"fd2dfc37-8223-43ad-976c-af66106a7e6c"},"workflowEntityId":{},"shared_sharepointonline":{"value":"add49638-6bb2-49a3-bb81-619458eee735"}},"isOnPremiseConnection":false,"bypassConsent":false,"dataSets":{},"apiTier":"Standard","isCustomApiConnection":false,"actions":["Run"],"nestedActions":[{"id":"/providers/Microsoft.PowerApps/apis/shared_sharepointonline/apiOperations/GetFileItem","apiName":"SharePoint","actionName":"GetFileItem","referencedResources":[{"key":"site","value":"[DYNAMIC_VALUE]"},{"key":"list","value":"[DYNAMIC_VALUE]"}]},{"id":"/providers/Microsoft.PowerApps/apis/shared_sharepointonline/apiOperations/DeleteFile","apiName":"SharePoint","actionName":"DeleteFile","referencedResources":[{"key":"site","value":"[DYNAMIC_VALUE]"}]}]}},"databaseReferences":{},"almMode":"Environment","performanceOptimizationEnabled":true,"canConsumeAppPass":true,"enableModernRuntimeMode":false,"executionRestrictions":{"isTeamsOnly":false,"dataLossPreventionEvaluationResult":{"status":"Compliant","lastEvaluationDate":"2023-02-03T20:54:01.1414836Z","violations":[],"violationsByPolicy":[],"violationErrorMessage":"The app uses the following connectors: shared_office365users, shared_office365, shared_sharepointonline, shared_logicflows."},"httpActionRestriction":{"appUsesSharepointHttpAction":false,"enforcementStrategy":"Legacy","evaluationTime":"2023-02-03T20:54:01.1413376Z"}}},"appType":"ClassicCanvasApp","appComponents":[]}}