{"name":"b98a2ddc-50ea-4c64-b4e0-909fad19f8da","id":"/providers/Microsoft.Flow/flows/b98a2ddc-50ea-4c64-b4e0-909fad19f8da","type":"Microsoft.Flow/flows","properties":{"apiId":"/providers/Microsoft.PowerApps/apis/shared_logicflows","displayName":"ESaraban - update permission from workflow","definition":{"metadata":{"workflowEntityId":null,"processAdvisorMetadata":null,"flowclientsuspensionreason":"None","flowclientsuspensiontime":null,"flowclientsuspensionreasondetails":null,"creator":{"id":"e03f9976-02b6-4223-b639-2aa11c907802","type":"User","tenantId":"c93bfd9a-cf27-4d4e-a953-6ef0c1782f20"},"provisioningMethod":"FromDefinition","failureAlertSubscription":true,"clientLastModifiedTime":"2023-01-31T07:07:05.3859917Z"},"$schema":"https://schema.management.azure.com/providers/Microsoft.Logic/schemas/2016-06-01/workflowdefinition.json#","contentVersion":"1.0.0.0","parameters":{"$connections":{"defaultValue":{},"type":"Object"},"$authentication":{"defaultValue":{},"type":"SecureObject"}},"triggers":{"When_an_item_is_created_or_modified":{"recurrence":{"frequency":"Minute","interval":5},"splitOn":"@triggerOutputs()?['body/value']","metadata":{"operationMetadataId":"d23e0dc2-0694-432e-a22b-9e678a60bb8a"},"type":"OpenApiConnection","inputs":{"host":{"apiId":"/providers/Microsoft.PowerApps/apis/shared_sharepointonline","connectionName":"shared_sharepointonline","operationId":"GetOnUpdatedItems"},"parameters":{"dataset":"https://thaimediafund.sharepoint.com/sites/esaraban","table":"7b571531-b0b2-4279-9fcd-b09c6939c15a"},"authentication":"@parameters('$authentication')"}}},"actions":{"Var_rootSiteUrl":{"runAfter":{"Var_IsUpdateAll":["Succeeded"]},"metadata":{"operationMetadataId":"f6985cf6-5bda-490d-9b65-d719968ce139"},"type":"InitializeVariable","inputs":{"variables":[{"name":"rootSiteUrl","type":"string","value":"https://thaimediafund.sharepoint.com/sites/esaraban"}]}},"Var_RequestList":{"runAfter":{"Var_rootSiteUrl":["Succeeded"]},"metadata":{"operationMetadataId":"019b51fb-bf1f-447c-be2d-2a1be65c90e0"},"type":"InitializeVariable","inputs":{"variables":[{"name":"RequestList","type":"string","value":"RequestList"}]}},"Var_WorkflowHistoryList":{"runAfter":{"Var_RequestList":["Succeeded"]},"metadata":{"operationMetadataId":"739935b2-a931-4799-9eb4-3c982579f60f"},"type":"InitializeVariable","inputs":{"variables":[{"name":"WorkflowHistoryList","type":"string","value":"WorkflowHistory"}]}},"Var_RequestDocument":{"runAfter":{"Var_WorkflowHistoryList":["Succeeded"]},"metadata":{"operationMetadataId":"019b51fb-bf1f-447c-be2d-2a1be65c90e0"},"type":"InitializeVariable","inputs":{"variables":[{"name":"RequestDocument","type":"string","value":"RequestDocument"}]}},"Var_EmailList":{"runAfter":{"Var_CurrentEmail":["Succeeded"]},"metadata":{"operationMetadataId":"a61a0228-7472-4513-a7be-7af190ad378c"},"type":"InitializeVariable","inputs":{"variables":[{"name":"EmailList","type":"string","value":"@{triggerOutputs()?['body/AssignUser/Email']};"}]}},"Var_IsUpdateAll":{"runAfter":{},"metadata":{"operationMetadataId":"a61a0228-7472-4513-a7be-7af190ad378c"},"type":"InitializeVariable","inputs":{"variables":[{"name":"IsUpdateAll","type":"boolean","value":"@false"}]}},"Var_CurrentEmail":{"runAfter":{"Var_RequestDocument":["Succeeded"]},"metadata":{"operationMetadataId":"a61a0228-7472-4513-a7be-7af190ad378c"},"type":"InitializeVariable","inputs":{"variables":[{"name":"CurrentEmail","type":"string","value":"@{triggerOutputs()?['body/AssignUser/Email']};"}]}},"Var_PrincipalID":{"runAfter":{"Var_EmailList":["Succeeded"]},"metadata":{"operationMetadataId":"a61a0228-7472-4513-a7be-7af190ad378c"},"type":"InitializeVariable","inputs":{"variables":[{"name":"PrincipalID","type":"integer"}]}},"Get_RequestList":{"runAfter":{"Var_PrincipalID":["Succeeded"]},"metadata":{"operationMetadataId":"bb7283c2-81d3-43f3-a3bf-aeb8c73f780a"},"type":"OpenApiConnection","inputs":{"host":{"apiId":"/providers/Microsoft.PowerApps/apis/shared_sharepointonline","connectionName":"shared_sharepointonline_1","operationId":"GetItems"},"parameters":{"dataset":"@variables('rootSiteUrl')","table":"@variables('RequestList')","$filter":"Title eq '@{triggerOutputs()?['body/{Name}']}'","$top":1},"authentication":"@parameters('$authentication')"}},"Get_folder_metadata":{"runAfter":{"Get_RequestList":["Succeeded"]},"metadata":{"operationMetadataId":"e379444b-d951-42e9-aed0-ecb132b9bcfb"},"type":"OpenApiConnection","inputs":{"host":{"apiId":"/providers/Microsoft.PowerApps/apis/shared_sharepointonline","connectionName":"shared_sharepointonline_1","operationId":"GetFolderMetadata"},"parameters":{"dataset":"@variables('rootSiteUrl')","id":"/@{variables('RequestDocument')}/@{triggerOutputs()?['body/Title']}"},"authentication":"@parameters('$authentication')"}},"If_done_action_set_permission_to_Read":{"actions":{"Get_Assign_User_metadata_from_Sharepoint":{"runAfter":{},"metadata":{"operationMetadataId":"22602e83-77e3-477b-8aa5-8ce2cba7c577"},"type":"OpenApiConnection","inputs":{"host":{"apiId":"/providers/Microsoft.PowerApps/apis/shared_sharepointonline","connectionName":"shared_sharepointonline_1","operationId":"HttpRequest"},"parameters":{"dataset":"@variables('rootSiteUrl')","parameters/method":"GET","parameters/uri":"_api/web/SiteUsers/getByEmail('@{triggerOutputs()?['body/AssignUser/Email']}')"},"authentication":"@parameters('$authentication')"}},"Set_PrincipalID":{"runAfter":{"Get_Assign_User_metadata_from_Sharepoint":["Succeeded"]},"metadata":{"operationMetadataId":"2ce5b9ad-f666-44f2-a54b-d625b43445c3"},"type":"SetVariable","inputs":{"name":"PrincipalID","value":"@body('Get_Assign_User_metadata_from_Sharepoint')['d']['id']"}},"Grant_access_Request_List_to_Read":{"foreach":"@outputs('Get_RequestList')?['body/value']","actions":{"Grant_access_Request_List_to_Read_for_Current_Approver":{"runAfter":{"Remove_access_Request_List_to_Current_Approver":["Succeeded"]},"metadata":{"operationMetadataId":"f84049cd-2de5-4f37-844c-49f5faf5b3c8"},"type":"OpenApiConnection","inputs":{"host":{"apiId":"/providers/Microsoft.PowerApps/apis/shared_sharepointonline","connectionName":"shared_sharepointonline_1","operationId":"HttpRequest"},"parameters":{"dataset":"@variables('rootSiteUrl')","parameters/method":"POST","parameters/uri":"_api/web/lists/getbytitle('@{variables('RequestList')}')/items(@{items('Grant_access_Request_List_to_Read')?['ID']})/roleassignments/addroleassignment(principalid='@{variables('PrincipalID')}', roleDefId=1073741826)"},"authentication":"@parameters('$authentication')"}},"Send_an_HTTP_request_to_SharePoint_-_break_permission":{"runAfter":{},"metadata":{"operationMetadataId":"c72c7b87-f5fa-48bd-952c-205b94a39d4a"},"type":"OpenApiConnection","inputs":{"host":{"apiId":"/providers/Microsoft.PowerApps/apis/shared_sharepointonline","connectionName":"shared_sharepointonline_1","operationId":"HttpRequest"},"parameters":{"dataset":"@variables('rootSiteUrl')","parameters/method":"POST","parameters/uri":"_api/lists/getByTitle('@{variables('RequestList')}')/items(@{items('Grant_access_Request_List_to_Read')?['ID']})/breakroleinheritance(copyRoleAssignments=false,clearSubscopes=true)"},"authentication":"@parameters('$authentication')"}},"Remove_access_Request_List_to_Current_Approver":{"runAfter":{"Send_an_HTTP_request_to_SharePoint_-_break_permission":["Succeeded"]},"metadata":{"operationMetadataId":"e58547ea-9b5c-4983-93c7-7d9eeee68426"},"type":"OpenApiConnection","inputs":{"host":{"apiId":"/providers/Microsoft.PowerApps/apis/shared_sharepointonline","connectionName":"shared_sharepointonline_1","operationId":"HttpRequest"},"parameters":{"dataset":"@variables('rootSiteUrl')","parameters/method":"POST","parameters/uri":"_api/web/lists/getbytitle('@{variables('RequestList')}')/items(@{items('Grant_access_Request_List_to_Read')?['ID']})/roleassignments/removeroleassignment(principalid='@{variables('PrincipalID')}')"},"authentication":"@parameters('$authentication')"}}},"runAfter":{"Set_PrincipalID":["Succeeded"]},"metadata":{"operationMetadataId":"185738bf-aee9-475d-b1db-09c1f4a5e57c"},"type":"Foreach"},"Remove_access_Folder_to_Current_Approver":{"runAfter":{"Grant_access_Request_List_to_Read":["Succeeded","TimedOut","Skipped","Failed"]},"metadata":{"operationMetadataId":"b1869cdb-9575-472d-a3eb-53d985514e54"},"type":"OpenApiConnection","inputs":{"host":{"apiId":"/providers/Microsoft.PowerApps/apis/shared_sharepointonline","connectionName":"shared_sharepointonline_1","operationId":"HttpRequest"},"parameters":{"dataset":"@variables('rootSiteUrl')","parameters/method":"POST","parameters/uri":"_api/web/lists/getbytitle('@{variables('RequestDocument')}')/items(@{outputs('Get_folder_metadata')?['body/ItemId']})/roleassignments/removeroleassignment(principalid='@{variables('PrincipalID')}')"},"authentication":"@parameters('$authentication')"}},"Grant_access_Folder_to_Read_for_Current_Approver":{"runAfter":{"Remove_access_Folder_to_Current_Approver":["Succeeded","TimedOut","Skipped","Failed"]},"metadata":{"operationMetadataId":"7f4f3fe4-39a2-4811-b064-f801efee12a8"},"type":"OpenApiConnection","inputs":{"host":{"apiId":"/providers/Microsoft.PowerApps/apis/shared_sharepointonline","connectionName":"shared_sharepointonline_1","operationId":"HttpRequest"},"parameters":{"dataset":"@variables('rootSiteUrl')","parameters/method":"POST","parameters/uri":"_api/web/lists/getbytitle('@{variables('RequestDocument')}')/items(@{outputs('Get_folder_metadata')?['body/ItemId']})/roleassignments/addroleassignment(principalid='@{variables('PrincipalID')}', roleDefId=1073741826)"},"authentication":"@parameters('$authentication')"}},"Get_files_(properties_only)_2":{"runAfter":{"Grant_access_Folder_to_Read_for_Current_Approver":["Succeeded","TimedOut","Skipped","Failed"]},"metadata":{"operationMetadataId":"7fed5cdc-231b-4532-b372-76d55c9bd427"},"type":"OpenApiConnection","inputs":{"host":{"apiId":"/providers/Microsoft.PowerApps/apis/shared_sharepointonline","connectionName":"shared_sharepointonline","operationId":"GetFileItems"},"parameters":{"dataset":"@variables('rootSiteUrl')","table":"@variables('RequestDocument')","folderPath":"/@{variables('RequestDocument')}/@{triggerOutputs()?['body/Title']}"},"authentication":"@parameters('$authentication')"}},"Loop_Grant_access_Files_for_Current_Approver":{"foreach":"@outputs('Get_files_(properties_only)_2')?['body/value']","actions":{"Grant_access_Files_to_Read_for_Current_Approver":{"runAfter":{"Remove_access_Files_for_Current_Approver":["Succeeded"]},"metadata":{"operationMetadataId":"7634b8e6-41bd-453f-b2df-db4728b4a283"},"type":"OpenApiConnection","inputs":{"host":{"apiId":"/providers/Microsoft.PowerApps/apis/shared_sharepointonline","connectionName":"shared_sharepointonline","operationId":"HttpRequest"},"parameters":{"dataset":"@variables('rootSiteUrl')","parameters/method":"POST","parameters/uri":"_api/web/lists/getbytitle('@{variables('RequestDocument')}')/items(@{items('Loop_Grant_access_Files_for_Current_Approver')?['ID']})/roleassignments/addroleassignment(principalid='@{variables('PrincipalID')}', roleDefId=1073741826)"},"authentication":"@parameters('$authentication')"}},"Send_an_HTTP_request_to_SharePoint_-_break_permission_2":{"runAfter":{},"metadata":{"operationMetadataId":"c72c7b87-f5fa-48bd-952c-205b94a39d4a"},"type":"OpenApiConnection","inputs":{"host":{"apiId":"/providers/Microsoft.PowerApps/apis/shared_sharepointonline","connectionName":"shared_sharepointonline_1","operationId":"HttpRequest"},"parameters":{"dataset":"@variables('rootSiteUrl')","parameters/method":"POST","parameters/uri":"_api/lists/getByTitle('@{variables('RequestDocument')}')/items(@{items('Loop_Grant_access_Files_for_Current_Approver')?['ID']})/breakroleinheritance(copyRoleAssignments=true,clearSubscopes=true)"},"authentication":"@parameters('$authentication')"}},"Remove_access_Files_for_Current_Approver":{"runAfter":{"Send_an_HTTP_request_to_SharePoint_-_break_permission_2":["Succeeded"]},"metadata":{"operationMetadataId":"fda9e90b-a797-4c1b-b440-838ba85c7184"},"type":"OpenApiConnection","inputs":{"host":{"apiId":"/providers/Microsoft.PowerApps/apis/shared_sharepointonline","connectionName":"shared_sharepointonline","operationId":"HttpRequest"},"parameters":{"dataset":"@variables('rootSiteUrl')","parameters/method":"POST","parameters/uri":"_api/web/lists/getbytitle('@{variables('RequestDocument')}')/items(@{items('Loop_Grant_access_Files_for_Current_Approver')?['ID']})/roleassignments/removeroleassignment(principalid='@{variables('PrincipalID')}')"},"authentication":"@parameters('$authentication')"}}},"runAfter":{"Get_files_(properties_only)_2":["Succeeded","TimedOut","Skipped","Failed"]},"metadata":{"operationMetadataId":"22579f36-0e38-4f61-8005-19c2edd1a9a6"},"type":"Foreach"}},"runAfter":{"Get_folder_metadata":["Succeeded"]},"else":{"actions":{"Grant_access_Request_List_to_Contribute":{"foreach":"@outputs('Get_RequestList')?['body/value']","actions":{"Grant_access_Request_List_to_Contribute_for_Next_Approver":{"runAfter":{},"metadata":{"operationMetadataId":"81771bbd-8572-4134-8764-a5f6e8abe645"},"type":"OpenApiConnection","inputs":{"host":{"apiId":"/providers/Microsoft.PowerApps/apis/shared_sharepointonline","connectionName":"shared_sharepointonline_1","operationId":"GrantAccess"},"parameters":{"dataset":"@variables('rootSiteUrl')","table":"@variables('RequestList')","id":"@items('Grant_access_Request_List_to_Contribute')?['ID']","parameter/recipients":"@variables('CurrentEmail')","parameter/roleValue":"role:1073741827"},"authentication":"@parameters('$authentication')"}}},"runAfter":{},"metadata":{"operationMetadataId":"c1a56e40-b302-4bda-a8c5-06262e485f0c"},"type":"Foreach"},"Grant_access_Folder_to_Contribute_for_Next_Approver":{"runAfter":{"Grant_access_Request_List_to_Contribute":["Succeeded"]},"metadata":{"operationMetadataId":"81771bbd-8572-4134-8764-a5f6e8abe645"},"type":"OpenApiConnection","inputs":{"host":{"apiId":"/providers/Microsoft.PowerApps/apis/shared_sharepointonline","connectionName":"shared_sharepointonline_1","operationId":"GrantAccess"},"parameters":{"dataset":"@variables('rootSiteUrl')","table":"@variables('RequestDocument')","id":"@outputs('Get_folder_metadata')?['body/ItemId']","parameter/recipients":"@variables('CurrentEmail')","parameter/roleValue":"role:1073741827"},"authentication":"@parameters('$authentication')"}},"Grant_access_Files_for_Final_Approver":{"actions":{"Get_Assign_User_metadata_from_Sharepoint_2":{"runAfter":{},"metadata":{"operationMetadataId":"22602e83-77e3-477b-8aa5-8ce2cba7c577"},"type":"OpenApiConnection","inputs":{"host":{"apiId":"/providers/Microsoft.PowerApps/apis/shared_sharepointonline","connectionName":"shared_sharepointonline_1","operationId":"HttpRequest"},"parameters":{"dataset":"@variables('rootSiteUrl')","parameters/method":"GET","parameters/uri":"_api/web/SiteUsers/getByEmail('@{triggerOutputs()?['body/AssignUser/Email']}')"},"authentication":"@parameters('$authentication')"}},"Set_PrincipalID_2":{"runAfter":{"Get_Assign_User_metadata_from_Sharepoint_2":["Succeeded"]},"metadata":{"operationMetadataId":"2ce5b9ad-f666-44f2-a54b-d625b43445c3"},"type":"SetVariable","inputs":{"name":"PrincipalID","value":"@body('Get_Assign_User_metadata_from_Sharepoint_2')['d']['id']"}},"Get_files_(properties_only)":{"runAfter":{"Set_PrincipalID_2":["Succeeded"]},"metadata":{"operationMetadataId":"f7e4bfa9-28a3-4919-9d7e-f1a39c2ad4f8"},"type":"OpenApiConnection","inputs":{"host":{"apiId":"/providers/Microsoft.PowerApps/apis/shared_sharepointonline","connectionName":"shared_sharepointonline","operationId":"GetFileItems"},"parameters":{"dataset":"@variables('rootSiteUrl')","table":"@variables('RequestDocument')","folderPath":"/@{variables('RequestDocument')}/@{triggerOutputs()?['body/Title']}"},"authentication":"@parameters('$authentication')"}},"Loop_Grant_access_Files_for_Final_Approver":{"foreach":"@outputs('Get_files_(properties_only)')?['body/value']","actions":{"Grant_access_Files_to_Read_for_Final_Approver":{"runAfter":{"Remove_access_Files_for_Final_Approver":["Succeeded"]},"metadata":{"operationMetadataId":"a5ac9736-e456-41cb-8eab-4746dd4b4a54"},"type":"OpenApiConnection","inputs":{"host":{"apiId":"/providers/Microsoft.PowerApps/apis/shared_sharepointonline","connectionName":"shared_sharepointonline","operationId":"HttpRequest"},"parameters":{"dataset":"@variables('rootSiteUrl')","parameters/method":"POST","parameters/uri":"_api/web/lists/getbytitle('@{variables('RequestDocument')}')/items(@{items('Loop_Grant_access_Files_for_Final_Approver')?['ID']})/roleassignments/addroleassignment(principalid='@{variables('PrincipalID')}', roleDefId=1073741826)"},"authentication":"@parameters('$authentication')"}},"Send_an_HTTP_request_to_SharePoint_-_break_permission_3":{"runAfter":{},"metadata":{"operationMetadataId":"c72c7b87-f5fa-48bd-952c-205b94a39d4a"},"type":"OpenApiConnection","inputs":{"host":{"apiId":"/providers/Microsoft.PowerApps/apis/shared_sharepointonline","connectionName":"shared_sharepointonline_1","operationId":"HttpRequest"},"parameters":{"dataset":"@variables('rootSiteUrl')","parameters/method":"POST","parameters/uri":"_api/lists/getByTitle('@{variables('RequestDocument')}')/items(@{items('Loop_Grant_access_Files_for_Final_Approver')?['ID']})/breakroleinheritance(copyRoleAssignments=true,clearSubscopes=true)"},"authentication":"@parameters('$authentication')"}},"Remove_access_Files_for_Final_Approver":{"runAfter":{"Send_an_HTTP_request_to_SharePoint_-_break_permission_3":["Succeeded"]},"metadata":{"operationMetadataId":"4740fd0f-1bcc-4ce2-a16d-c91483182cee"},"type":"OpenApiConnection","inputs":{"host":{"apiId":"/providers/Microsoft.PowerApps/apis/shared_sharepointonline","connectionName":"shared_sharepointonline","operationId":"HttpRequest"},"parameters":{"dataset":"@variables('rootSiteUrl')","parameters/method":"POST","parameters/uri":"_api/web/lists/getbytitle('@{variables('RequestDocument')}')/items(@{items('Loop_Grant_access_Files_for_Final_Approver')?['ID']})/roleassignments/removeroleassignment(principalid='@{variables('PrincipalID')}')"},"authentication":"@parameters('$authentication')"}}},"runAfter":{"Get_files_(properties_only)":["Succeeded"]},"metadata":{"operationMetadataId":"513da29a-f0cf-4882-aa97-126dcf618000"},"type":"Foreach"}},"runAfter":{"Grant_access_Folder_to_Contribute_for_Next_Approver":["Succeeded"]},"else":{"actions":{"Get_files_(properties_only)_3":{"runAfter":{},"metadata":{"operationMetadataId":"79ca6506-e1be-418f-b1f1-e0a9e5b87714"},"type":"OpenApiConnection","inputs":{"host":{"apiId":"/providers/Microsoft.PowerApps/apis/shared_sharepointonline","connectionName":"shared_sharepointonline","operationId":"GetFileItems"},"parameters":{"dataset":"@variables('rootSiteUrl')","table":"@variables('RequestDocument')","folderPath":"/@{variables('RequestDocument')}/@{triggerOutputs()?['body/Title']}"},"authentication":"@parameters('$authentication')"}},"Loop_Grant_access_Files_for_Next_Approver":{"foreach":"@outputs('Get_files_(properties_only)_3')?['body/value']","actions":{"Send_an_HTTP_request_to_SharePoint_-_break_permission_4":{"runAfter":{},"metadata":{"operationMetadataId":"c72c7b87-f5fa-48bd-952c-205b94a39d4a"},"type":"OpenApiConnection","inputs":{"host":{"apiId":"/providers/Microsoft.PowerApps/apis/shared_sharepointonline","connectionName":"shared_sharepointonline_1","operationId":"HttpRequest"},"parameters":{"dataset":"@variables('rootSiteUrl')","parameters/method":"POST","parameters/uri":"_api/lists/getByTitle('@{variables('RequestDocument')}')/items(@{items('Loop_Grant_access_Files_for_Next_Approver')?['ID']})/breakroleinheritance(copyRoleAssignments=true,clearSubscopes=true)"},"authentication":"@parameters('$authentication')"}},"Grant_access_Files_to_Contribute_for_Next_Approver":{"runAfter":{"Send_an_HTTP_request_to_SharePoint_-_break_permission_4":["Succeeded"]},"metadata":{"operationMetadataId":"81771bbd-8572-4134-8764-a5f6e8abe645"},"type":"OpenApiConnection","inputs":{"host":{"apiId":"/providers/Microsoft.PowerApps/apis/shared_sharepointonline","connectionName":"shared_sharepointonline_1","operationId":"GrantAccess"},"parameters":{"dataset":"@variables('rootSiteUrl')","table":"@variables('RequestDocument')","id":"@items('Loop_Grant_access_Files_for_Next_Approver')?['ID']","parameter/recipients":"@variables('CurrentEmail')","parameter/roleValue":"role:1073741827"},"authentication":"@parameters('$authentication')"}}},"runAfter":{"Get_files_(properties_only)_3":["Succeeded"]},"metadata":{"operationMetadataId":"8ac0cdb6-d171-4161-aa95-687887ac3740"},"type":"Foreach"}}},"expression":{"and":[{"greaterOrEquals":["@outputs('Get_RequestList')?['body/value'][0]['TotalStep']","@outputs('Get_RequestList')?['body/value'][0]['CurrentStep']"]},{"equals":["@outputs('Get_RequestList')?['body/value'][0]['RequestType']","หนังสือภายใน"]}]},"metadata":{"operationMetadataId":"aa975f31-fdb0-40c0-85f0-02b747f3dcff"},"type":"If"}}},"expression":{"not":{"equals":["@triggerOutputs()?['body/Action']","@null"]}},"metadata":{"operationMetadataId":"09c07e2e-84be-4ff6-9a3d-922b0de7edde"},"type":"If"}}},"connectionReferences":{"shared_sharepointonline_1":{"connectionName":"a2dbd99753664d62ae4407fa7358a76f","source":"Embedded","id":"/providers/Microsoft.PowerApps/apis/shared_sharepointonline","tier":"NotSpecified"},"shared_sharepointonline":{"connectionName":"a2dbd99753664d62ae4407fa7358a76f","source":"Embedded","id":"/providers/Microsoft.PowerApps/apis/shared_sharepointonline","tier":"NotSpecified"}},"flowFailureAlertSubscribed":false,"isManaged":false}}