{"name":"18296a8d-36bd-4e9f-aacc-143f4a9319f1","id":"/providers/Microsoft.Flow/flows/18296a8d-36bd-4e9f-aacc-143f4a9319f1","type":"Microsoft.Flow/flows","properties":{"apiId":"/providers/Microsoft.PowerApps/apis/shared_logicflows","displayName":"ESaraban - Delete files from sharepoint library","definition":{"metadata":{"workflowEntityId":null,"processAdvisorMetadata":null,"flowclientsuspensionreason":"None","flowclientsuspensiontime":null,"flowclientsuspensionreasondetails":null,"creator":{"id":"e03f9976-02b6-4223-b639-2aa11c907802","type":"User","tenantId":"c93bfd9a-cf27-4d4e-a953-6ef0c1782f20"},"provisioningMethod":"FromDefinition","failureAlertSubscription":true,"clientLastModifiedTime":"2023-01-10T15:45:28.2453514Z"},"$schema":"https://schema.management.azure.com/providers/Microsoft.Logic/schemas/2016-06-01/workflowdefinition.json#","contentVersion":"1.0.0.0","parameters":{"$connections":{"defaultValue":{},"type":"Object"},"$authentication":{"defaultValue":{},"type":"SecureObject"}},"triggers":{"manual":{"metadata":{"operationMetadataId":"72dfdaae-350f-464c-83f8-51613d1e8c30"},"type":"Request","kind":"PowerApp","inputs":{"schema":{"type":"object","properties":{"FilesID_Value":{"type":"string","description":"Enter initial value","x-ms-powerflows-param-ispartial":false}},"required":["FilesID_Value"]}}}},"actions":{"FilesID":{"runAfter":{},"metadata":{"operationMetadataId":"71ba9946-d04d-419c-8188-c204a95c62be"},"type":"InitializeVariable","inputs":{"variables":[{"name":"FilesID","type":"string","value":"@{triggerBody()['FilesID_Value']}"}]}},"Condition":{"actions":{"Apply_to_each":{"foreach":"@split(variables('FilesID'), ',')","actions":{"Get_file_properties":{"runAfter":{},"metadata":{"operationMetadataId":"2b016671-b8c9-4bc7-8b4b-fcbf6949529a"},"type":"OpenApiConnection","inputs":{"host":{"apiId":"/providers/Microsoft.PowerApps/apis/shared_sharepointonline","connectionName":"shared_sharepointonline","operationId":"GetFileItem"},"parameters":{"dataset":"@variables('rootSiteUrl')","table":"@variables('RequestDocument')","id":"@items('Apply_to_each')"},"authentication":{"value":"@json(decodeBase64(triggerOutputs().headers['X-MS-APIM-Tokens']))['$ConnectionKey']","type":"Raw"}}},"Delete_file":{"runAfter":{"Get_file_properties":["Succeeded"]},"metadata":{"operationMetadataId":"38ecc0d0-2f57-42e7-803d-d657aa1fd7ad"},"type":"OpenApiConnection","inputs":{"host":{"apiId":"/providers/Microsoft.PowerApps/apis/shared_sharepointonline","connectionName":"shared_sharepointonline","operationId":"DeleteFile"},"parameters":{"dataset":"@variables('rootSiteUrl')","id":"@outputs('Get_file_properties')?['body/{Identifier}']"},"authentication":{"value":"@json(decodeBase64(triggerOutputs().headers['X-MS-APIM-Tokens']))['$ConnectionKey']","type":"Raw"}}}},"runAfter":{},"metadata":{"operationMetadataId":"a91673e4-5f70-4937-9d3c-d3f66ad30778"},"type":"Foreach"}},"runAfter":{"Var_Result":["Succeeded"]},"expression":{"greater":["@length(variables('FilesID'))",0]},"metadata":{"operationMetadataId":"50be6a78-dbd4-43ae-b90e-490a0f5c2130"},"type":"If"},"Var_RequestDocument":{"runAfter":{"Var_rootSiteUrl":["Succeeded"]},"metadata":{"operationMetadataId":"019b51fb-bf1f-447c-be2d-2a1be65c90e0"},"type":"InitializeVariable","inputs":{"variables":[{"name":"RequestDocument","type":"string","value":"RequestDocument"}]}},"Var_rootSiteUrl":{"runAfter":{"FilesID":["Succeeded"]},"metadata":{"operationMetadataId":"f6985cf6-5bda-490d-9b65-d719968ce139"},"type":"InitializeVariable","inputs":{"variables":[{"name":"rootSiteUrl","type":"string","value":"https://thaimediafund.sharepoint.com/sites/esaraban"}]}},"Var_Result":{"runAfter":{"Var_RequestDocument":["Succeeded"]},"metadata":{"operationMetadataId":"0a9cd58c-78ca-46bd-aa25-c4a4413b8e49"},"type":"InitializeVariable","inputs":{"variables":[{"name":"Result","type":"string","value":"Success"}]}},"Set_Result_Error":{"runAfter":{"Condition":["Failed","Skipped","TimedOut"]},"metadata":{"operationMetadataId":"6094723c-bce1-4fdc-8a02-f58f11dba3a6"},"type":"SetVariable","inputs":{"name":"Result","value":"Error"}},"Respond_to_a_PowerApp_or_flow":{"runAfter":{"Set_Result_Error":["Succeeded","Failed","Skipped","TimedOut"]},"metadata":{"operationMetadataId":"8d4c19d4-2590-4cc7-88c7-ce388242b833"},"type":"Response","kind":"PowerApp","inputs":{"statusCode":200,"body":{"result":"@variables('Result')"},"schema":{"type":"object","properties":{"result":{"title":"Result","x-ms-dynamically-added":true,"type":"string"}}}}}}},"connectionReferences":{"shared_sharepointonline":{"connectionName":"a2dbd99753664d62ae4407fa7358a76f","source":"Invoker","id":"/providers/Microsoft.PowerApps/apis/shared_sharepointonline","tier":"NotSpecified"}},"flowFailureAlertSubscribed":false,"isManaged":false}}